Rank,Team,PowerRating,Division,Wins,Losses,Date
1,Carleton,2342,Division I,11,2,2024-03-12
2,British Columbia,2342,Division I,11,1,2024-03-12
3,Vermont,2313,Division I,12,1,2024-03-12
4,North Carolina,2276,Division I,14,0,2024-03-12
5,Oregon,2184,Division I,13,1,2024-03-12
6,Stanford,2105,Division I,14,6,2024-03-12
7,Tufts,2086,Division I,12,2,2024-03-12
8,California-Santa Barbara,1962,Division I,16,7,2024-03-12
9,Colorado,1952,Division I,11,4,2024-03-12
10,Michigan,1910,Division I,9,4,2024-03-12
11,Washington,1896,Division I,9,4,2024-03-12
12,Brigham Young,1823,Division I,5,3,2024-03-12
13,Georgia,1759,Division I,7,6,2024-03-12
14,Pennsylvania,1733,Division I,8,6,2024-03-12
15,Notre Dame,1728,Division I,7,6,2024-03-12
16,California-Santa Cruz,1717,Division I,6,8,2024-03-12
17,California-San Diego,1701,Division I,10,11,2024-03-12
18,Ohio State,1699,Division I,15,5,2024-03-12
19,Western Washington,1694,Division I,3,5,2024-03-12
20,Victoria,1679,Division I,5,7,2024-03-12
21,Colorado State,1608,Division I,3,5,2024-03-12
22,Northeastern,1606,Division I,4,2,2024-03-12
23,Whitman,1596,Division III,6,1,2024-03-12
24,North Carolina State,1576,Division I,8,5,2024-03-12
25,Pittsburgh,1574,Division I,10,10,2024-03-12
26,Cal Poly-SLO,1554,Division I,13,11,2024-03-12
27,California-Davis,1544,Division I,8,12,2024-03-12
28,Texas-Dallas,1538,Division I,7,0,2024-03-12
29,Utah,1467,Division I,6,9,2024-03-12
30,Portland,1465,Division III,13,4,2024-03-12
31,Washington University,1448,Division I,10,3,2024-03-12
32,UCLA,1434,Division I,7,12,2024-03-12
33,Carleton,1434,Division III,8,2,2024-03-12
34,Ohio,1409,Division I,10,3,2024-03-12
35,Ithaca,1405,Division III,5,0,2024-03-12
36,Colorado College,1397,Division III,10,3,2024-03-12
37,California,1393,Division I,6,14,2024-03-12
38,Wisconsin,1392,Division I,2,4,2024-03-12
39,South Carolina,1392,Division I,7,6,2024-03-12
40,Central Florida,1383,Division I,13,0,2024-03-12
41,Haverford/Bryn Mawr,1378,Division III,7,0,2024-03-12
42,Minnesota,1371,Division I,3,3,2024-03-12
43,Virginia,1360,Division I,9,10,2024-03-12
44,Brown,1347,Division I,4,2,2024-03-12
45,Union (Tennessee),1322,Division III,12,2,2024-03-12
46,Yale,1316,Division I,3,4,2024-03-12
47,Cornell,1283,Division I,6,0,2024-03-12
48,SUNY-Binghamton,1265,Division I,2,5,2024-03-12
49,Alabama-Huntsville,1255,Division I,12,2,2024-03-12
50,Purdue,1230,Division I,3,3,2024-03-12
51,Georgia Tech,1220,Division I,5,2,2024-03-12
52,American,1218,Division I,9,2,2024-03-12
53,Georgetown,1203,Division I,11,2,2024-03-12
54,St Olaf,1203,Division III,5,2,2024-03-12
55,Southern California,1178,Division I,4,7,2024-03-12
56,Texas,1173,Division I,5,7,2024-03-12
57,Wellesley,1172,Division III,6,2,2024-03-12
58,Connecticut College,1156,Division III,3,2,2024-03-12
59,William & Mary,1155,Division I,4,7,2024-03-12
60,Tennessee,1154,Division I,9,3,2024-03-12
61,Penn State,1148,Division I,7,5,2024-03-12
62,Columbia,1140,Division I,7,5,2024-03-12
63,Williams,1138,Division III,5,1,2024-03-12
64,Chicago,1135,Division I,1,5,2024-03-12
65,Carnegie Mellon,1134,Division I,1,5,2024-03-12
66,Cincinnati,1117,Division I,10,3,2024-03-12
67,Utah State,1106,Division I,7,0,2024-03-12
68,Grand Canyon,1076,Division I,4,2,2024-03-12
69,California-San Diego B,1059,Developmental,10,8,2024-03-12
70,Northwestern,1050,Division I,4,7,2024-03-12
71,James Madison,1040,Division I,7,7,2024-03-12
72,Macalester,1033,Division III,5,1,2024-03-12
73,Boston University,1017,Division I,3,3,2024-03-12
74,Massachusetts,1016,Division I,3,3,2024-03-12
75,Missouri,1016,Division I,8,4,2024-03-12
76,Lewis & Clark,1013,Division III,6,7,2024-03-12
77,Trinity,1009,Division III,9,4,2024-03-12
78,Arizona,1008,Division I,10,3,2024-03-12
79,Connecticut,1001,Division I,3,3,2024-03-12
80,West Chester,1000,Division I,6,2,2024-03-12
81,San Diego State,993,Division I,10,3,2024-03-12
82,Arkansas,970,Division I,4,3,2024-03-12
83,Duke,966,Division I,5,8,2024-03-12
84,Northern Arizona,960,Division I,3,3,2024-03-12
85,Nevada-Reno,955,Division I,10,3,2024-03-12
86,California-Irvine,953,Division I,7,4,2024-03-12
87,Davenport,950,Division III,4,1,2024-03-12
88,Harvard,950,Division I,2,4,2024-03-12
89,Santa Clara,950,Division I,7,2,2024-03-12
90,Puget Sound,948,Division III,6,7,2024-03-12
91,Rice,943,Division III,5,0,2024-03-12
92,Lehigh,931,Division III,9,4,2024-03-12
93,Claremont,929,Division III,3,7,2024-03-12
94,Franciscan,927,Division III,4,2,2024-03-12
95,Rochester,927,Division III,6,2,2024-03-12
96,Florida,917,Division I,6,5,2024-03-12
97,Indiana,917,Division I,4,2,2024-03-12
98,Appalachian State,887,Division I,0,5,2024-03-12
99,Tennessee-Chattanooga,870,Division I,4,3,2024-03-12
100,Dartmouth,864,Division III,3,4,2024-03-12
101,Virginia Tech,840,Division I,5,7,2024-03-12
102,Kenyon,831,Division III,4,2,2024-03-12
103,Saint Louis,824,Division I,7,8,2024-03-12
104,NYU,823,Division I,3,3,2024-03-12
105,Iowa State,823,Division I,5,8,2024-03-12
106,Iowa,817,Division I,4,2,2024-03-12
107,Wesleyan,795,Division III,3,3,2024-03-12
108,Denver,769,Division I,5,15,2024-03-12
109,Rutgers,769,Division I,1,4,2024-03-12
110,SUNY-Albany,762,Division I,1,3,2024-03-12
111,Boston College,751,Division I,3,3,2024-03-12
112,Cedarville,747,Division III,4,2,2024-03-12
113,Mount Holyoke,739,Division III,2,4,2024-03-12
114,North Carolina B,707,Developmental,2,5,2024-03-12
115,Richmond,700,Division III,3,3,2024-03-12
116,Oregon State,696,Division I,3,9,2024-03-12
117,Truman State,693,Division III,6,8,2024-03-12
118,Maryland,685,Division I,2,5,2024-03-12
119,Liberty,673,Division I,4,8,2024-03-12
120,Arizona State,668,Division I,2,4,2024-03-12
121,Illinois,667,Division I,6,8,2024-03-12
122,Kansas,650,Division I,2,4,2024-03-12
123,Cornell B,647,Developmental,0,4,2024-03-12
124,Emory,640,Division I,3,4,2024-03-12
125,Texas A&M,594,Division I,5,2,2024-03-12
126,MIT,593,Division I,1,5,2024-03-12
127,John Brown,580,Division III,4,7,2024-03-12
128,Florida State,580,Division I,3,3,2024-03-12
129,Kentucky,574,Division I,2,4,2024-03-12
130,Montana,567,Division I,4,3,2024-03-12
131,Catholic,558,Division III,6,6,2024-03-12
132,Colorado B,543,Developmental,2,3,2024-03-12
133,Johns Hopkins,528,Division I,5,1,2024-03-12
134,George Washington,506,Division I,6,6,2024-03-12
135,Case Western Reserve,498,Division I,0,5,2024-03-12
136,California B,496,Developmental,6,10,2024-03-12
137,SUNY-Geneseo,488,Division III,0,7,2024-03-12
138,Occidental,480,Division III,2,4,2024-03-12
139,Wisconsin-Eau Claire,479,Division I,4,3,2024-03-12
140,Cal Poly-SLO B,471,Developmental,2,7,2024-03-12
141,Oberlin,466,Division III,3,3,2024-03-12
142,Swarthmore,454,Division III,4,3,2024-03-12
143,Marquette,454,Division I,1,4,2024-03-12
144,Montana State,431,Division I,2,5,2024-03-12
145,Delaware,413,Division I,3,3,2024-03-12
146,Clemson,403,Division I,0,6,2024-03-12
147,Temple,394,Division I,0,7,2024-03-12
148,South Carolina B,387,Developmental,1,4,2024-03-12
149,Bates,376,Division III,3,2,2024-03-12
150,Washington University B,368,Developmental,2,4,2024-03-12
151,Texas-San Antonio,348,Division I,4,2,2024-03-12
152,Tulane,346,Division I,2,5,2024-03-12
153,Missouri State,344,Division I,2,9,2024-03-12
154,Miami (Ohio),331,Division I,1,6,2024-03-12
155,Jacksonville State,290,Division I,3,4,2024-03-12
156,Michigan B,283,Developmental,2,3,2024-03-12
157,Wake Forest,269,Division I,2,4,2024-03-12
158,Auburn,265,Division I,1,4,2024-03-12
159,Texas State,249,Division I,2,4,2024-03-12
160,Skidmore,224,Division III,2,4,2024-03-12
161,Colorado Mines,214,Division III,4,8,2024-03-12
162,Vanderbilt,193,Division I,4,8,2024-03-12
163,Butler,178,Division III,2,5,2024-03-12
164,Georgia College,178,Division III,4,2,2024-03-12
165,Virginia B,169,Developmental,1,10,2024-03-12
166,Arizona B,146,Developmental,0,6,2024-03-12
167,California-Davis B,138,Developmental,3,9,2024-03-12
168,Alabama,85,Division I,4,9,2024-03-12
169,Elon,80,Division III,1,5,2024-03-12
170,Brown B,77,Developmental,1,4,2024-03-12
171,Syracuse,58,Division I,2,5,2024-03-12
172,Sam Houston,54,Division I,3,3,2024-03-12
173,North Texas,34,Division I,2,4,2024-03-12
174,Houston,31,Division I,2,4,2024-03-12
175,Georgetown B,28,Developmental,0,5,2024-03-12
176,SUNY-Stony Brook,14,Division I,1,4,2024-03-12
177,Air Force,10,Division III,1,4,2024-03-12
178,Knox,5,Division III,1,4,2024-03-12
179,Northwestern B,2,Developmental,1,5,2024-03-12
180,UCLA B,-25,Developmental,1,7,2024-03-12
181,Miami (Florida),-25,Division I,1,4,2024-03-12
182,Colorado College B,-120,Developmental,1,5,2024-03-12
183,Wisconsin B,-122,Developmental,0,5,2024-03-12
184,Messiah,-129,Division III,2,3,2024-03-12
185,Georgia B,-197,Developmental,0,5,2024-03-12
186,Dayton,-212,Division I,0,6,2024-03-12
187,Texas B,-232,Developmental,0,6,2024-03-12
188,Dickinson,-249,Division III,1,5,2024-03-12
189,LSU,-295,Division I,2,10,2024-03-12
190,Columbia B,-319,Developmental,0,5,2024-03-12
191,Alabama-Birmingham,-415,Division I,0,6,2024-03-12
192,William & Mary B,-461,Developmental,1,4,2024-03-12
193,California-San Diego C,-488,Developmental,0,5,2024-03-12
194,Florida B,-491,Developmental,1,5,2024-03-12
195,Florida Tech,-643,Division III,0,6,2024-03-12
196,American B,-766,Developmental,0,5,2024-03-12
1,British Columbia,2482,Division I,16,1,2024-03-20
2,Vermont,2350,Division I,12,1,2024-03-20
3,Carleton,2303,Division I,15,4,2024-03-20
4,North Carolina,2258,Division I,17,1,2024-03-20
5,Oregon,2191,Division I,18,2,2024-03-20
6,Stanford,2148,Division I,14,6,2024-03-20
7,Tufts,2077,Division I,12,2,2024-03-20
8,Colorado,2046,Division I,14,6,2024-03-20
9,California-Santa Barbara,2016,Division I,16,7,2024-03-20
10,Washington,1941,Division I,13,7,2024-03-20
11,Brigham Young,1903,Division I,7,5,2024-03-20
12,Michigan,1892,Division I,9,4,2024-03-20
13,Western Washington,1783,Division I,6,8,2024-03-20
14,California-Santa Cruz,1772,Division I,6,8,2024-03-20
15,California-San Diego,1754,Division I,10,11,2024-03-20
16,Georgia,1752,Division I,7,6,2024-03-20
17,Colorado State,1720,Division I,10,5,2024-03-20
18,Pennsylvania,1713,Division I,8,6,2024-03-20
19,Victoria,1705,Division I,8,10,2024-03-20
20,Ohio State,1704,Division I,21,6,2024-03-20
21,Notre Dame,1658,Division I,12,6,2024-03-20
22,Northeastern,1603,Division I,5,7,2024-03-20
23,Cal Poly-SLO,1589,Division I,13,11,2024-03-20
24,California-Davis,1573,Division I,8,12,2024-03-20
25,Pittsburgh,1569,Division I,10,10,2024-03-20
26,North Carolina State,1556,Division I,7,5,2024-03-20
27,Haverford/Bryn Mawr,1555,Division III,7,0,2024-03-20
28,Central Florida,1525,Division I,21,0,2024-03-20
29,Utah,1525,Division I,10,12,2024-03-20
30,Brown,1508,Division I,9,4,2024-03-20
31,California,1478,Division I,7,18,2024-03-20
32,American,1470,Division I,9,1,2024-03-20
33,UCLA,1467,Division I,7,12,2024-03-20
34,Ohio,1438,Division I,10,3,2024-03-20
35,Wisconsin,1429,Division I,3,9,2024-03-20
36,Minnesota,1406,Division I,3,3,2024-03-20
37,Ithaca,1405,Division III,5,0,2024-03-20
38,Texas-Dallas,1390,Division I,10,4,2024-03-20
39,South Carolina,1385,Division I,7,6,2024-03-20
40,Union (Tennessee),1379,Division III,12,2,2024-03-20
41,Washington University,1361,Division I,13,7,2024-03-20
42,Virginia,1361,Division I,9,10,2024-03-20
43,Alabama-Huntsville,1319,Division I,12,2,2024-03-20
44,Georgetown,1314,Division I,10,2,2024-03-20
45,Cornell,1289,Division I,6,0,2024-03-20
46,Yale,1286,Division I,3,4,2024-03-20
47,Texas,1285,Division I,8,11,2024-03-20
48,Carleton,1275,Division III,15,2,2024-03-20
49,Portland,1272,Division III,11,3,2024-03-20
50,Whitman,1270,Division III,6,6,2024-03-20
51,Purdue,1260,Division I,3,3,2024-03-20
52,Tennessee,1256,Division I,9,3,2024-03-20
53,SUNY-Binghamton,1247,Division I,2,5,2024-03-20
54,Georgia Tech,1199,Division I,10,3,2024-03-20
55,St Olaf,1199,Division III,5,2,2024-03-20
56,Boston University,1194,Division I,3,3,2024-03-20
57,Penn State,1181,Division I,7,5,2024-03-20
58,Wellesley,1179,Division III,6,2,2024-03-20
59,West Chester,1177,Division I,6,2,2024-03-20
60,Southern California,1170,Division I,6,11,2024-03-20
61,William & Mary,1161,Division I,4,7,2024-03-20
62,Connecticut College,1156,Division III,3,2,2024-03-20
63,Cincinnati,1150,Division I,10,3,2024-03-20
64,Columbia,1147,Division I,7,5,2024-03-20
65,Williams,1144,Division III,5,1,2024-03-20
66,Colorado College,1140,Division III,12,6,2024-03-20
67,Florida,1110,Division I,9,7,2024-03-20
68,Lehigh,1107,Division III,9,4,2024-03-20
69,Rochester,1104,Division III,6,2,2024-03-20
70,Davenport,1102,Division III,4,1,2024-03-20
71,Carnegie Mellon,1089,Division I,1,5,2024-03-20
72,James Madison,1064,Division I,7,7,2024-03-20
73,Northwestern,1055,Division I,4,7,2024-03-20
74,Dartmouth,1040,Division III,3,4,2024-03-20
75,Macalester,1034,Division III,5,1,2024-03-20
76,Grand Canyon,1014,Division I,4,2,2024-03-20
77,California-San Diego B,1007,Developmental,10,8,2024-03-20
78,Missouri,1006,Division I,8,4,2024-03-20
79,Massachusetts,995,Division I,3,3,2024-03-20
80,Arizona,995,Division I,8,1,2024-03-20
81,Connecticut,992,Division I,3,3,2024-03-20
82,Chicago,983,Division I,2,11,2024-03-20
83,Utah State,983,Division I,6,0,2024-03-20
84,Harvard,959,Division I,2,4,2024-03-20
85,Franciscan,959,Division III,4,2,2024-03-20
86,Arkansas,959,Division I,4,3,2024-03-20
87,Trinity,952,Division III,15,5,2024-03-20
88,Indiana,947,Division I,4,2,2024-03-20
89,Richmond,921,Division III,3,2,2024-03-20
90,Duke,917,Division I,4,8,2024-03-20
91,Claremont,910,Division III,3,7,2024-03-20
92,Cedarville,908,Division III,4,2,2024-03-20
93,Tennessee-Chattanooga,907,Division I,4,3,2024-03-20
94,San Diego State,906,Division I,10,3,2024-03-20
95,Northern Arizona,896,Division I,3,3,2024-03-20
96,Middlebury,884,Division III,2,5,2024-03-20
97,Virginia Tech,875,Division I,5,7,2024-03-20
98,Kenyon,862,Division III,4,2,2024-03-20
99,Appalachian State,857,Division I,0,5,2024-03-20
100,East Carolina,852,Division I,6,1,2024-03-20
101,Santa Clara,840,Division I,7,2,2024-03-20
102,Nevada-Reno,833,Division I,9,3,2024-03-20
103,NYU,830,Division I,3,3,2024-03-20
104,Iowa,823,Division I,4,2,2024-03-20
105,California-Irvine,820,Division I,7,4,2024-03-20
106,Lewis & Clark,816,Division III,6,7,2024-03-20
107,Iowa State,810,Division I,5,8,2024-03-20
108,Saint Louis,809,Division I,7,8,2024-03-20
109,Wesleyan,801,Division III,3,3,2024-03-20
110,Rice,798,Division III,9,3,2024-03-20
111,Liberty,782,Division I,4,8,2024-03-20
112,Rutgers,775,Division I,1,4,2024-03-20
113,SUNY-Albany,762,Division I,1,3,2024-03-20
114,Mount Holyoke,746,Division III,2,4,2024-03-20
115,Puget Sound,731,Division III,5,7,2024-03-20
116,Catholic,723,Division III,6,6,2024-03-20
117,Maryland,706,Division I,2,5,2024-03-20
118,Truman State,692,Division III,6,8,2024-03-20
119,Case Western Reserve,692,Division I,0,5,2024-03-20
120,Emory,689,Division I,3,4,2024-03-20
121,Johns Hopkins,685,Division I,5,1,2024-03-20
122,Denver,681,Division I,9,16,2024-03-20
123,Illinois,679,Division I,6,8,2024-03-20
124,SUNY-Geneseo,665,Division III,0,7,2024-03-20
125,Kansas,653,Division I,2,4,2024-03-20
126,Cornell B,647,Developmental,0,4,2024-03-20
127,George Washington,640,Division I,6,5,2024-03-20
128,Swarthmore,631,Division III,4,3,2024-03-20
129,Arizona State,603,Division I,2,4,2024-03-20
130,Florida State,584,Division I,6,6,2024-03-20
131,John Brown,575,Division III,4,6,2024-03-20
132,Delaware,561,Division I,3,3,2024-03-20
133,Boston College,558,Division I,3,3,2024-03-20
134,Kentucky,557,Division I,2,4,2024-03-20
135,South Carolina B,554,Developmental,1,4,2024-03-20
136,MIT,539,Division I,5,8,2024-03-20
137,Wisconsin-Eau Claire,534,Division I,9,5,2024-03-20
138,Clemson,528,Division I,3,6,2024-03-20
139,Colorado B,522,Developmental,2,3,2024-03-20
140,North Carolina B,511,Developmental,1,5,2024-03-20
141,Oberlin,497,Division III,3,3,2024-03-20
142,Oregon State,468,Division I,1,9,2024-03-20
143,Montana,463,Division I,3,3,2024-03-20
144,Marquette,460,Division I,1,4,2024-03-20
145,Wake Forest,430,Division I,2,3,2024-03-20
146,Texas A&M,405,Division I,7,6,2024-03-20
147,Skidmore,401,Division III,2,4,2024-03-20
148,Bates,382,Division III,3,2,2024-03-20
149,Temple,381,Division I,0,7,2024-03-20
150,Washington University B,369,Developmental,2,4,2024-03-20
151,Miami (Ohio),362,Division I,1,6,2024-03-20
152,Texas State,359,Division I,5,8,2024-03-20
153,Cal Poly-SLO B,353,Developmental,2,7,2024-03-20
154,Missouri State,352,Division I,2,9,2024-03-20
155,Occidental,351,Division III,2,4,2024-03-20
156,California B,309,Developmental,6,9,2024-03-20
157,Virginia B,297,Developmental,1,10,2024-03-20
158,Montana State,295,Division I,1,5,2024-03-20
159,Syracuse,235,Division I,2,5,2024-03-20
160,Elon,233,Division III,1,5,2024-03-20
161,Brown B,224,Developmental,1,4,2024-03-20
162,Butler,209,Division III,2,5,2024-03-20
163,Vanderbilt,195,Division I,4,8,2024-03-20
164,Charleston,193,Division I,4,3,2024-03-20
165,Georgetown B,189,Developmental,0,5,2024-03-20
166,Jacksonville State,143,Division I,5,8,2024-03-20
167,Miami (Florida),122,Division I,1,4,2024-03-20
168,Georgia College,119,Division III,6,7,2024-03-20
169,Tulane,117,Division I,4,8,2024-03-20
170,Colorado Mines,100,Division III,2,6,2024-03-20
171,Auburn,90,Division I,3,8,2024-03-20
172,Alabama,72,Division I,4,9,2024-03-20
173,Arizona B,69,Developmental,0,6,2024-03-20
174,Texas-San Antonio,46,Division I,5,7,2024-03-20
175,Knox,39,Division III,1,4,2024-03-20
176,Georgia B,25,Developmental,3,9,2024-03-20
177,SUNY-Stony Brook,20,Division I,1,4,2024-03-20
178,Northwestern B,10,Developmental,1,5,2024-03-20
179,Messiah,8,Division III,2,3,2024-03-20
180,California-Davis B,-27,Developmental,3,9,2024-03-20
181,Air Force,-53,Division III,1,4,2024-03-20
182,Dickinson,-72,Division III,1,5,2024-03-20
183,Wisconsin B,-100,Developmental,0,5,2024-03-20
184,Sam Houston,-108,Division I,3,3,2024-03-20
185,Houston,-140,Division I,2,4,2024-03-20
186,Dayton,-181,Division I,0,6,2024-03-20
187,North Carolina-Wilmington,-181,Division I,2,4,2024-03-20
188,UCLA B,-199,Developmental,1,7,2024-03-20
189,Colorado College B,-215,Developmental,1,4,2024-03-20
190,LSU,-288,Division I,3,15,2024-03-20
191,North Texas,-305,Division I,2,7,2024-03-20
192,Texas B,-311,Developmental,1,12,2024-03-20
193,Columbia B,-313,Developmental,0,5,2024-03-20
194,Georgia Southern,-319,Division I,2,4,2024-03-20
195,William & Mary B,-327,Developmental,1,4,2024-03-20
196,Alabama-Birmingham,-421,Division I,0,6,2024-03-20
197,Florida B,-626,Developmental,1,11,2024-03-20
198,American B,-645,Developmental,0,5,2024-03-20
199,California-San Diego C,-657,Developmental,0,5,2024-03-20
200,Florida Tech,-793,Division III,1,11,2024-03-20
201,Notre Dame B,-1022,Developmental,1,5,2024-03-20
1,British Columbia,2568,Division I,16,1,2024-03-27
2,Vermont,2436,Division I,12,1,2024-03-27
3,Carleton,2389,Division I,15,4,2024-03-27
4,North Carolina,2345,Division I,17,1,2024-03-27
5,Oregon,2277,Division I,18,2,2024-03-27
6,Stanford,2234,Division I,14,6,2024-03-27
7,Tufts,2161,Division I,12,2,2024-03-27
8,Colorado,2132,Division I,14,6,2024-03-27
9,California-Santa Barbara,2102,Division I,16,7,2024-03-27
10,Washington,2027,Division I,13,7,2024-03-27
11,Brigham Young,1988,Division I,7,5,2024-03-27
12,Michigan,1977,Division I,9,4,2024-03-27
13,Western Washington,1868,Division I,6,8,2024-03-27
14,California-Santa Cruz,1858,Division I,6,8,2024-03-27
15,California-San Diego,1841,Division I,10,11,2024-03-27
16,Georgia,1836,Division I,7,6,2024-03-27
17,Pennsylvania,1814,Division I,8,6,2024-03-27
18,Colorado State,1807,Division I,10,5,2024-03-27
19,Victoria,1790,Division I,8,10,2024-03-27
20,Ohio State,1784,Division I,21,6,2024-03-27
21,Notre Dame,1739,Division I,12,6,2024-03-27
22,Northeastern,1686,Division I,5,7,2024-03-27
23,Cal Poly-SLO,1678,Division I,13,11,2024-03-27
24,California-Davis,1659,Division I,8,12,2024-03-27
25,Pittsburgh,1649,Division I,10,10,2024-03-27
26,North Carolina State,1634,Division I,7,5,2024-03-27
27,Utah,1612,Division I,10,12,2024-03-27
28,Brown,1598,Division I,9,4,2024-03-27
29,Central Florida,1595,Division I,21,0,2024-03-27
30,California,1564,Division I,7,18,2024-03-27
31,St Olaf,1557,Division III,11,2,2024-03-27
32,UCLA,1557,Division I,7,12,2024-03-27
33,Ohio,1515,Division I,10,3,2024-03-27
34,Wisconsin,1514,Division I,3,9,2024-03-27
35,Texas-Dallas,1492,Division I,10,4,2024-03-27
36,Minnesota,1487,Division I,3,3,2024-03-27
37,South Carolina,1475,Division I,7,6,2024-03-27
38,Washington University,1458,Division I,13,7,2024-03-27
39,Virginia,1444,Division I,9,10,2024-03-27
40,Union (Tennessee),1399,Division III,18,2,2024-03-27
41,Alabama-Huntsville,1390,Division I,17,3,2024-03-27
42,Texas,1374,Division I,8,11,2024-03-27
43,Purdue,1366,Division I,3,3,2024-03-27
44,Connecticut,1359,Division I,10,3,2024-03-27
45,Yale,1344,Division I,3,4,2024-03-27
46,Whitman,1343,Division III,6,6,2024-03-27
47,Portland,1342,Division III,11,3,2024-03-27
48,American,1336,Division I,9,1,2024-03-27
49,Carleton,1335,Division III,15,2,2024-03-27
50,Georgia Tech,1326,Division I,10,3,2024-03-27
51,SUNY-Binghamton,1324,Division I,2,5,2024-03-27
52,Davidson,1304,Division III,4,1,2024-03-27
53,Haverford/Bryn Mawr,1294,Division III,7,0,2024-03-27
54,Penn State,1271,Division I,7,5,2024-03-27
55,Cornell,1261,Division I,6,0,2024-03-27
56,Southern California,1253,Division I,6,11,2024-03-27
57,William & Mary,1252,Division I,4,7,2024-03-27
58,Georgetown,1244,Division I,14,4,2024-03-27
59,Northwestern,1218,Division I,4,7,2024-03-27
60,Macalester,1207,Division III,5,1,2024-03-27
61,Colorado College,1205,Division III,12,6,2024-03-27
62,Vermont B,1183,Developmental,6,1,2024-03-27
63,Cincinnati,1182,Division I,10,3,2024-03-27
64,Florida,1176,Division I,9,7,2024-03-27
65,Carnegie Mellon,1166,Division I,1,5,2024-03-27
66,Columbia,1161,Division I,7,5,2024-03-27
67,Missouri,1157,Division I,8,4,2024-03-27
68,James Madison,1143,Division I,7,7,2024-03-27
69,Tennessee,1140,Division I,11,6,2024-03-27
70,Wellesley,1104,Division III,6,2,2024-03-27
71,Harvard,1103,Division I,7,6,2024-03-27
72,Williams,1092,Division III,9,3,2024-03-27
73,Grand Canyon,1089,Division I,4,2,2024-03-27
74,California-San Diego B,1086,Developmental,10,8,2024-03-27
75,Arkansas,1082,Division I,4,3,2024-03-27
76,Arizona,1072,Division I,8,1,2024-03-27
77,Utah State,1059,Division I,6,0,2024-03-27
78,Chicago,1055,Division I,2,11,2024-03-27
79,Duke,1030,Division I,10,8,2024-03-27
80,Trinity,1018,Division III,15,5,2024-03-27
81,Virginia Tech,1010,Division I,8,10,2024-03-27
82,Indiana,1008,Division I,4,2,2024-03-27
83,Franciscan,1005,Division III,4,2,2024-03-27
84,Claremont,989,Division III,3,7,2024-03-27
85,Davenport,982,Division III,4,1,2024-03-27
86,San Diego State,981,Division I,10,3,2024-03-27
87,Northern Arizona,972,Division I,3,3,2024-03-27
88,Iowa,962,Division I,4,2,2024-03-27
89,Saint Louis,952,Division I,7,8,2024-03-27
90,Boston University,949,Division I,3,3,2024-03-27
91,Iowa State,946,Division I,5,8,2024-03-27
92,Lehigh,933,Division III,15,4,2024-03-27
93,Santa Clara,916,Division I,7,2,2024-03-27
94,West Chester,915,Division I,6,2,2024-03-27
95,Appalachian State,915,Division I,3,7,2024-03-27
96,Massachusetts,912,Division I,6,7,2024-03-27
97,Kenyon,909,Division III,4,2,2024-03-27
98,Nevada-Reno,909,Division I,9,3,2024-03-27
99,California-Irvine,895,Division I,7,4,2024-03-27
100,Lewis & Clark,887,Division III,6,7,2024-03-27
101,Rice,865,Division III,9,3,2024-03-27
102,Tennessee-Chattanooga,864,Division I,8,5,2024-03-27
103,Rochester,860,Division III,6,2,2024-03-27
104,Middlebury,853,Division III,6,7,2024-03-27
105,Truman State,852,Division III,6,8,2024-03-27
106,East Carolina,851,Division I,9,4,2024-03-27
107,Maryland,828,Division I,2,5,2024-03-27
108,Puget Sound,800,Division III,5,7,2024-03-27
109,NYU,800,Division I,3,3,2024-03-27
110,Kansas,797,Division I,2,4,2024-03-27
111,Richmond,772,Division III,3,2,2024-03-27
112,Wesleyan,755,Division III,3,3,2024-03-27
113,Denver,753,Division I,9,16,2024-03-27
114,Brandeis,742,Division III,7,4,2024-03-27
115,Rutgers,737,Division I,1,4,2024-03-27
116,Rhode Island,728,Division I,3,4,2024-03-27
117,Liberty,727,Division I,6,12,2024-03-27
118,Dartmouth,725,Division III,5,8,2024-03-27
119,Mount Holyoke,717,Division III,2,4,2024-03-27
120,John Brown,678,Division III,4,6,2024-03-27
121,Arizona State,678,Division I,2,4,2024-03-27
122,Cedarville,668,Division III,6,5,2024-03-27
123,Wisconsin-Eau Claire,645,Division I,9,5,2024-03-27
124,Florida State,645,Division I,6,6,2024-03-27
125,MIT,634,Division I,5,8,2024-03-27
126,Boston College,621,Division I,6,6,2024-03-27
127,Illinois,620,Division I,6,8,2024-03-27
128,Colorado B,610,Developmental,2,3,2024-03-27
129,Marquette,605,Division I,1,4,2024-03-27
130,Charleston,594,Division I,7,5,2024-03-27
131,Clemson,591,Division I,3,6,2024-03-27
132,Case Western Reserve,585,Division I,2,8,2024-03-27
133,Catholic,580,Division III,6,6,2024-03-27
134,North Carolina B,563,Developmental,2,10,2024-03-27
135,Oberlin,550,Division III,3,3,2024-03-27
136,Johns Hopkins,549,Division I,5,1,2024-03-27
137,Montana,539,Division I,3,3,2024-03-27
138,Oregon State,538,Division I,1,9,2024-03-27
139,George Washington,533,Division I,6,5,2024-03-27
140,Washington University B,514,Developmental,2,4,2024-03-27
141,Kentucky,501,Division I,2,4,2024-03-27
142,Missouri State,484,Division I,2,9,2024-03-27
143,Emory,479,Division I,4,8,2024-03-27
144,Texas A&M,461,Division I,7,6,2024-03-27
145,Temple,453,Division I,0,7,2024-03-27
146,Ithaca,450,Division III,5,3,2024-03-27
147,Delaware,440,Division I,3,3,2024-03-27
148,Cal Poly-SLO B,429,Developmental,2,7,2024-03-27
149,Occidental,426,Division III,2,4,2024-03-27
150,Miami (Ohio),415,Division I,1,6,2024-03-27
151,Texas State,414,Division I,5,8,2024-03-27
152,SUNY-Geneseo,391,Division III,3,9,2024-03-27
153,California B,384,Developmental,6,9,2024-03-27
154,Montana State,371,Division I,1,5,2024-03-27
155,Swarthmore,371,Division III,4,3,2024-03-27
156,South Carolina B,364,Developmental,2,9,2024-03-27
157,Bates,336,Division III,3,2,2024-03-27
158,Berry,305,Division III,3,3,2024-03-27
159,Wake Forest,278,Division I,4,7,2024-03-27
160,Bentley,269,Division III,1,6,2024-03-27
161,Butler,263,Division III,2,5,2024-03-27
162,Jacksonville State,194,Division I,5,8,2024-03-27
163,Virginia B,191,Developmental,1,10,2024-03-27
164,Georgia College,187,Division III,6,7,2024-03-27
165,Colorado Mines,177,Division III,2,6,2024-03-27
166,Vanderbilt,169,Division I,4,8,2024-03-27
167,Tulane,166,Division I,4,8,2024-03-27
168,Knox,161,Division III,1,4,2024-03-27
169,Northwestern B,151,Developmental,1,5,2024-03-27
170,Arizona B,143,Developmental,0,6,2024-03-27
171,Skidmore,141,Division III,2,4,2024-03-27
172,Auburn,112,Division I,3,8,2024-03-27
173,Brown B,105,Developmental,1,4,2024-03-27
174,Texas-San Antonio,101,Division I,5,7,2024-03-27
175,Elon,78,Division III,1,5,2024-03-27
176,Georgetown B,55,Developmental,0,5,2024-03-27
177,Alabama,53,Division I,4,9,2024-03-27
178,California-Davis B,48,Developmental,3,9,2024-03-27
179,Georgia B,41,Developmental,3,9,2024-03-27
180,Wisconsin B,31,Developmental,0,5,2024-03-27
181,Air Force,29,Division III,1,4,2024-03-27
182,Miami (Florida),1,Division I,1,4,2024-03-27
183,Connecticut College,-5,Division III,3,2,2024-03-27
184,Syracuse,-26,Division I,2,5,2024-03-27
185,SUNY-Stony Brook,-26,Division I,1,4,2024-03-27
186,Sam Houston,-55,Division I,3,3,2024-03-27
187,Houston,-87,Division I,2,4,2024-03-27
188,North Carolina-Wilmington,-93,Division I,2,4,2024-03-27
189,Messiah,-93,Division III,2,3,2024-03-27
190,UCLA B,-124,Developmental,1,7,2024-03-27
191,Dayton,-127,Division I,0,6,2024-03-27
192,Colorado College B,-137,Developmental,1,4,2024-03-27
193,Xavier,-173,Division III,1,5,2024-03-27
194,Georgia Southern,-229,Division I,2,4,2024-03-27
195,North Texas,-253,Division I,2,7,2024-03-27
196,Texas B,-267,Developmental,1,12,2024-03-27
197,LSU,-289,Division I,3,15,2024-03-27
198,Emory B,-322,Developmental,0,5,2024-03-27
199,Northeastern B,-331,Developmental,1,6,2024-03-27
200,Dickinson,-332,Division III,1,5,2024-03-27
201,Columbia B,-359,Developmental,0,5,2024-03-27
202,William & Mary B,-423,Developmental,1,4,2024-03-27
203,SUNY-Albany,-501,Division I,1,3,2024-03-27
204,Alabama-Birmingham,-512,Division I,0,10,2024-03-27
205,California-San Diego C,-581,Developmental,0,5,2024-03-27
206,Florida B,-617,Developmental,1,11,2024-03-27
207,Cornell B,-706,Developmental,0,4,2024-03-27
208,American B,-717,Developmental,0,5,2024-03-27
209,Florida Tech,-789,Division III,1,11,2024-03-27
210,Clark,-931,Division III,0,6,2024-03-27
211,Notre Dame B,-1019,Developmental,1,5,2024-03-27
1,British Columbia,2541,Division I,16,1,2024-04-04
2,Vermont,2435,Division I,19,1,2024-04-04
3,Carleton,2355,Division I,15,4,2024-04-04
4,North Carolina,2269,Division I,22,3,2024-04-04
5,Oregon,2254,Division I,18,2,2024-04-04
6,Stanford,2207,Division I,14,6,2024-04-04
7,Tufts,2164,Division I,18,3,2024-04-04
8,Colorado,2105,Division I,14,6,2024-04-04
9,California-Santa Barbara,2069,Division I,16,7,2024-04-04
10,Washington,1997,Division I,13,7,2024-04-04
11,Brigham Young,1967,Division I,7,5,2024-04-04
12,Michigan,1957,Division I,14,6,2024-04-04
13,Western Washington,1857,Division I,6,8,2024-04-04
14,California-Santa Cruz,1828,Division I,6,8,2024-04-04
15,California-San Diego,1808,Division I,10,11,2024-04-04
16,Georgia,1800,Division I,7,6,2024-04-04
17,Victoria,1771,Division I,8,10,2024-04-04
18,Pennsylvania,1769,Division I,11,9,2024-04-04
19,Colorado State,1762,Division I,10,5,2024-04-04
20,Northeastern,1744,Division I,9,10,2024-04-04
21,Ohio State,1730,Division I,21,6,2024-04-04
22,Notre Dame,1695,Division I,12,6,2024-04-04
23,California-Davis,1622,Division I,8,12,2024-04-04
24,Cal Poly-SLO,1622,Division I,13,11,2024-04-04
25,Pittsburgh,1609,Division I,10,10,2024-04-04
26,North Carolina State,1574,Division I,7,5,2024-04-04
27,Utah,1571,Division I,10,12,2024-04-04
28,St Olaf,1564,Division III,17,2,2024-04-04
29,Wisconsin,1560,Division I,7,12,2024-04-04
30,Central Florida,1555,Division I,21,0,2024-04-04
31,California,1532,Division I,7,18,2024-04-04
32,Brown,1461,Division I,13,6,2024-04-04
33,UCLA,1503,Division I,10,14,2024-04-04
34,Minnesota,1457,Division I,8,4,2024-04-04
35,Texas-Dallas,1443,Division I,10,4,2024-04-04
36,Washington University,1417,Division I,13,7,2024-04-04
37,South Carolina,1410,Division I,7,6,2024-04-04
38,Virginia,1385,Division I,11,14,2024-04-04
39,Union (Tennessee),1358,Division III,18,2,2024-04-04
40,SUNY-Binghamton,1351,Division I,6,8,2024-04-04
41,Whitman,1348,Division III,6,6,2024-04-04
42,Purdue,1346,Division I,8,4,2024-04-04
43,Alabama-Huntsville,1342,Division I,17,3,2024-04-04
44,Portland,1341,Division III,11,3,2024-04-04
45,Texas,1325,Division I,8,11,2024-04-04
46,Connecticut,1303,Division I,10,3,2024-04-04
47,Carleton,1299,Division III,15,2,2024-04-04
48,Georgia Tech,1272,Division I,10,3,2024-04-04
49,Macalester,1253,Division III,9,3,2024-04-04
50,Yale,1243,Division I,6,7,2024-04-04
51,American,1235,Division I,9,1,2024-04-04
52,Southern California,1214,Division I,6,11,2024-04-04
53,Haverford/Bryn Mawr,1214,Division III,13,1,2024-04-04
54,William & Mary,1193,Division I,4,7,2024-04-04
55,Colorado College,1180,Division III,12,6,2024-04-04
56,Cornell,1177,Division I,8,4,2024-04-04
57,Georgetown,1167,Division I,14,4,2024-04-04
58,Penn State,1152,Division I,8,10,2024-04-04
59,Florida,1143,Division I,9,7,2024-04-04
60,Cincinnati,1138,Division I,10,3,2024-04-04
61,Missouri,1131,Division I,8,4,2024-04-04
62,Nevada-Reno,1095,Division I,9,3,2024-04-04
63,California-San Diego B,1080,Developmental,10,8,2024-04-04
64,Tennessee,1078,Division I,11,6,2024-04-04
65,Vermont B,1074,Developmental,11,3,2024-04-04
66,James Madison,1067,Division I,7,7,2024-04-04
67,San Diego State,1055,Division I,10,3,2024-04-04
68,California-Irvine,1041,Division I,7,4,2024-04-04
69,Harvard,1030,Division I,7,6,2024-04-04
70,Columbia,1025,Division I,8,10,2024-04-04
71,Bates,1024,Division III,9,3,2024-04-04
72,Michigan Tech,1015,Division III,6,3,2024-04-04
73,Kansas,998,Division I,6,7,2024-04-04
74,Williams,998,Division III,9,3,2024-04-04
75,Northwestern,980,Division I,6,10,2024-04-04
76,Iowa State,970,Division I,10,10,2024-04-04
77,Wellesley,966,Division III,9,6,2024-04-04
78,Trinity,965,Division III,15,5,2024-04-04
79,Virginia Tech,942,Division I,8,10,2024-04-04
80,Lewis & Clark,942,Division III,6,7,2024-04-04
81,Carnegie Mellon,939,Division I,2,10,2024-04-04
82,Duke,926,Division I,10,8,2024-04-04
83,Wesleyan,923,Division III,7,6,2024-04-04
84,Saint Louis,919,Division I,7,8,2024-04-04
85,Chicago,900,Division I,5,15,2024-04-04
86,Iowa,898,Division I,7,5,2024-04-04
87,Rochester,869,Division III,10,5,2024-04-04
88,Appalachian State,863,Division I,3,7,2024-04-04
89,Davenport,722,Division III,5,5,2024-04-04
90,Tennessee-Chattanooga,831,Division I,8,5,2024-04-04
91,Lehigh,828,Division III,15,4,2024-04-04
92,Massachusetts,820,Division I,6,7,2024-04-04
93,East Carolina,816,Division I,9,4,2024-04-04
94,Rice,811,Division III,9,3,2024-04-04
95,Puget Sound,808,Division III,5,7,2024-04-04
96,Rutgers,807,Division I,7,5,2024-04-04
97,Middlebury,798,Division III,6,7,2024-04-04
98,Truman State,770,Division III,6,8,2024-04-04
99,Brandeis,769,Division III,7,4,2024-04-04
100,Rhode Island,723,Division I,8,6,2024-04-04
101,Denver,718,Division I,9,16,2024-04-04
102,Maryland,717,Division I,6,6,2024-04-04
103,West Chester,713,Division I,6,8,2024-04-04
104,Boston University,681,Division I,5,7,2024-04-04
105,Johns Hopkins,658,Division I,10,2,2024-04-04
106,John Brown,657,Division III,4,6,2024-04-04
107,Wisconsin-Eau Claire,656,Division I,9,5,2024-04-04
108,Claremont,641,Division III,3,9,2024-04-04
109,Liberty,631,Division I,6,12,2024-04-04
110,Illinois,624,Division I,12,8,2024-04-04
111,Mount Holyoke,619,Division III,6,7,2024-04-04
112,Dartmouth,605,Division III,5,8,2024-04-04
113,Richmond,597,Division III,7,4,2024-04-04
114,Cedarville,593,Division III,6,5,2024-04-04
115,Florida State,530,Division I,6,6,2024-04-04
116,California B,566,Developmental,6,9,2024-04-04
117,MIT,566,Division I,5,8,2024-04-04
118,NYU,565,Division I,4,8,2024-04-04
119,Charleston,558,Division I,7,5,2024-04-04
120,Oregon State,551,Division I,1,9,2024-04-04
121,Case Western Reserve,536,Division I,2,8,2024-04-04
122,Boston College,525,Division I,6,6,2024-04-04
123,Catholic,499,Division III,6,6,2024-04-04
124,Missouri State,352,Division I,2,9,2024-04-04
125,North Carolina B,455,Developmental,2,10,2024-04-04
126,Emory,447,Division I,4,8,2024-04-04
127,George Washington,441,Division I,10,7,2024-04-04
128,Texas A&M,413,Division I,7,6,2024-04-04
129,New Hampshire,412,Division I,4,7,2024-04-04
130,Texas State,362,Division I,5,8,2024-04-04
131,California-Davis B,346,Developmental,3,9,2024-04-04
132,Knox,315,Division III,5,6,2024-04-04
133,South Carolina B,288,Developmental,2,9,2024-04-04
134,Temple,287,Division I,3,10,2024-04-04
135,SUNY-Geneseo,257,Division III,3,9,2024-04-04
136,Swarthmore,166,Division III,7,6,2024-04-04
137,Wake Forest,212,Division I,4,7,2024-04-04
138,Michigan B,143,Developmental,6,5,2024-04-04
139,Skidmore,142,Division III,6,7,2024-04-04
140,Georgia College,168,Division III,6,7,2024-04-04
141,Vanderbilt,154,Division I,4,8,2024-04-04
142,Tulane,129,Division I,4,8,2024-04-04
143,Jacksonville State,121,Division I,5,8,2024-04-04
144,Virginia B,-11,Developmental,1,10,2024-04-04
145,Auburn,97,Division I,3,8,2024-04-04
146,Texas-San Antonio,55,Division I,5,7,2024-04-04
147,Washington University B,45,Developmental,4,9,2024-04-04
148,Alabama,36,Division I,4,9,2024-04-04
149,Georgia B,24,Developmental,3,9,2024-04-04
150,Syracuse,-37,Division I,5,8,2024-04-04
151,Texas B,-372,Developmental,1,12,2024-04-04
152,LSU,-325,Division I,3,15,2024-04-04
153,Northwestern B,-381,Developmental,1,11,2024-04-04
154,Alabama-Birmingham,-535,Division I,0,10,2024-04-04
155,Florida B,-641,Developmental,1,11,2024-04-04
156,Cornell B,-841,Developmental,0,9,2024-04-04
1,British Columbia,2461,Division I,24,2,2024-05-08
2,Vermont,2375,Division I,26,1,2024-05-08
3,Carleton,2319,Division I,22,4,2024-05-08
4,Oregon,2252,Division I,27,4,2024-05-08
5,Stanford,2221,Division I,21,6,2024-05-08
6,North Carolina,2196,Division I,34,3,2024-05-08
7,Colorado,2130,Division I,20,6,2024-05-08
8,Tufts,2059,Division I,25,5,2024-05-08
9,California-Santa Barbara,2023,Division I,24,8,2024-05-08
10,Washington,1954,Division I,19,13,2024-05-08
11,Michigan,1894,Division I,27,6,2024-05-08
12,Victoria,1863,Division I,15,13,2024-05-08
13,California-San Diego,1842,Division I,18,13,2024-05-08
14,Western Washington,1839,Division I,10,14,2024-05-08
15,Brigham Young,1832,Division I,13,7,2024-05-08
16,Pennsylvania,1798,Division I,22,9,2024-05-08
17,California-Santa Cruz,1783,Division I,14,11,2024-05-08
18,Colorado State,1774,Division I,16,7,2024-05-08
19,Georgia,1723,Division I,18,6,2024-05-08
20,California-Davis,1685,Division I,14,16,2024-05-08
21,Northeastern,1657,Division I,15,12,2024-05-08
22,Pittsburgh,1633,Division I,19,12,2024-05-08
23,Notre Dame,1623,Division I,23,8,2024-05-08
24,Utah,1589,Division I,15,16,2024-05-08
25,Wisconsin,1582,Division I,13,13,2024-05-08
26,Ohio State,1580,Division I,27,10,2024-05-08
27,California,1558,Division I,13,24,2024-05-08
28,UCLA,1555,Division I,19,19,2024-05-08
29,Alabama-Huntsville,1537,Division I,27,4,2024-05-08
30,Cal Poly-SLO,1536,Division I,19,19,2024-05-08
31,Central Florida,1525,Division I,30,1,2024-05-08
32,Brown,1510,Division I,20,9,2024-05-08
33,Union (Tennessee),1495,Division III,20,2,2024-05-08
34,Washington University,1487,Division I,20,9,2024-05-08
35,St Olaf,1471,Division III,20,4,2024-05-08
36,Carleton,1460,Division III,19,3,2024-05-08
37,William & Mary,1460,Division I,13,8,2024-05-08
38,SUNY-Binghamton,1425,Division I,16,8,2024-05-08
39,American,1421,Division I,18,2,2024-05-08
40,Minnesota,1404,Division I,14,7,2024-05-08
41,South Carolina,1393,Division I,16,10,2024-05-08
42,Portland,1382,Division III,15,4,2024-05-08
43,Texas-Dallas,1373,Division I,18,6,2024-05-08
44,Whitman,1359,Division III,10,8,2024-05-08
45,Yale,1349,Division I,17,8,2024-05-08
46,Macalester,1349,Division III,13,3,2024-05-08
47,Southern California,1348,Division I,14,17,2024-05-08
48,Colorado College,1318,Division III,18,7,2024-05-08
49,Georgetown,1296,Division I,21,7,2024-05-08
50,Virginia,1265,Division I,15,19,2024-05-08
51,Haverford/Bryn Mawr,1265,Division III,21,2,2024-05-08
52,Texas,1253,Division I,17,14,2024-05-08
53,Ottawa,1249,Division I,7,4,2024-05-08
54,Cornell,1237,Division I,15,8,2024-05-08
55,Georgia Tech,1232,Division I,18,7,2024-05-08
56,North Carolina State,1230,Division I,13,10,2024-05-08
57,Connecticut,1211,Division I,15,9,2024-05-08
58,Purdue,1208,Division I,16,9,2024-05-08
59,Ohio,1202,Division I,10,6,2024-05-08
60,Duke,1185,Division I,18,12,2024-05-08
61,Penn State,1171,Division I,15,15,2024-05-08
62,Florida,1169,Division I,16,10,2024-05-08
63,Tennessee,1169,Division I,19,10,2024-05-08
64,Nevada-Reno,1159,Division I,11,6,2024-05-08
65,James Madison,1157,Division I,11,12,2024-05-08
66,Trinity,1152,Division III,20,6,2024-05-08
67,Northwestern,1139,Division I,15,12,2024-05-08
68,Vermont B,1138,Developmental,19,5,2024-05-08
69,Grand Canyon,1131,Division I,9,5,2024-05-08
70,Columbia,1114,Division I,15,16,2024-05-08
71,Santa Clara,1107,Division I,10,9,2024-05-08
72,Lewis & Clark,1098,Division III,10,9,2024-05-08
73,Wellesley,1089,Division III,17,7,2024-05-08
74,Missouri,1064,Division I,13,7,2024-05-08
75,San Diego State,1061,Division I,15,11,2024-05-08
76,Arizona,1061,Division I,10,2,2024-05-08
77,Davidson,1059,Division III,9,2,2024-05-08
78,Harvard,1057,Division I,12,10,2024-05-08
79,Wesleyan,1051,Division III,15,6,2024-05-08
80,Kansas,1043,Division I,10,8,2024-05-08
81,Rochester,1042,Division III,16,6,2024-05-08
82,Cincinnati,1032,Division I,14,7,2024-05-08
83,California-San Diego B,1032,Developmental,14,12,2024-05-08
84,Williams,1023,Division III,15,5,2024-05-08
85,Bates,1020,Division III,14,6,2024-05-08
86,Middlebury,1010,Division III,15,8,2024-05-08
87,California-Irvine,1010,Division I,10,11,2024-05-08
88,MIT,1006,Division I,10,13,2024-05-08
89,Tennessee-Chattanooga,999,Division I,15,11,2024-05-08
90,Virginia Tech,997,Division I,12,15,2024-05-08
91,Rice,977,Division III,12,6,2024-05-08
92,Lehigh,967,Division III,21,6,2024-05-08
93,Iowa State,944,Division I,14,15,2024-05-08
94,Chicago,934,Division I,10,21,2024-05-08
95,Maryland,931,Division I,10,12,2024-05-08
96,Rhode Island,914,Division I,12,11,2024-05-08
97,Iowa,904,Division I,11,10,2024-05-08
98,Clemson,897,Division I,8,13,2024-05-08
99,Mount Holyoke,891,Division III,13,10,2024-05-08
100,Appalachian State,887,Division I,8,13,2024-05-08
101,Michigan Tech,887,Division III,9,6,2024-05-08
102,West Chester,877,Division I,11,15,2024-05-08
103,Montana,873,Division I,7,11,2024-05-08
104,Brandeis,863,Division III,12,8,2024-05-08
105,NYU,851,Division I,11,15,2024-05-08
106,Puget Sound,837,Division III,7,11,2024-05-08
107,Carnegie Mellon,837,Division I,4,19,2024-05-08
108,Saint Louis,825,Division I,12,12,2024-05-08
109,Florida State,821,Division I,12,12,2024-05-08
110,Richmond,819,Division III,12,5,2024-05-08
111,Denver,810,Division I,12,20,2024-05-08
112,Davenport,799,Division III,12,5,2024-05-08
113,Temple,794,Division I,8,17,2024-05-08
114,Rutgers,794,Division I,11,13,2024-05-08
115,Charleston,772,Division I,11,12,2024-05-08
116,Boston College,770,Division I,9,12,2024-05-08
117,Grinnell,766,Division III,5,7,2024-05-08
118,Arkansas,761,Division I,6,6,2024-05-08
119,East Carolina,751,Division I,11,9,2024-05-08
120,Johns Hopkins,748,Division I,12,10,2024-05-08
121,Illinois,742,Division I,18,13,2024-05-08
122,Massachusetts,737,Division I,8,14,2024-05-08
123,Occidental,720,Division III,6,5,2024-05-08
124,Boston University,714,Division I,5,10,2024-05-08
125,Wisconsin-Eau Claire,711,Division I,12,6,2024-05-08
126,Claremont,689,Division III,4,11,2024-05-08
127,Cedarville,688,Division III,11,7,2024-05-08
128,Truman State,674,Division III,8,11,2024-05-08
129,California B,659,Developmental,8,13,2024-05-08
130,Arizona State,647,Division I,3,10,2024-05-08
131,Liberty,635,Division I,7,20,2024-05-08
132,Grand Valley,631,Division I,4,9,2024-05-08
133,Indiana,622,Division I,6,5,2024-05-08
134,Oregon State,621,Division I,1,18,2024-05-08
135,Ithaca,616,Division III,8,8,2024-05-08
136,John Brown,610,Division III,5,10,2024-05-08
137,Dartmouth,595,Division III,8,12,2024-05-08
138,New Hampshire,587,Division I,7,13,2024-05-08
139,Cal Poly-SLO B,585,Developmental,3,9,2024-05-08
140,North Carolina B,560,Developmental,8,10,2024-05-08
141,Texas A&M,556,Division I,11,12,2024-05-08
142,Delaware,555,Division I,5,6,2024-05-08
143,Loyola-Chicago,551,Division I,3,8,2024-05-08
144,Skidmore,551,Division III,11,12,2024-05-08
145,Texas State,548,Division I,8,14,2024-05-08
146,Tulane,545,Division I,10,14,2024-05-08
147,George Washington,528,Division I,11,9,2024-05-08
148,Kenyon,516,Division III,7,7,2024-05-08
149,Montana State,515,Division I,1,10,2024-05-08
150,Case Western Reserve,515,Division I,2,16,2024-05-08
151,Emory,502,Division I,9,15,2024-05-08
152,Cal State-Long Beach,500,Division I,1,9,2024-05-08
153,Catholic,500,Division III,8,10,2024-05-08
154,Jacksonville State,450,Division I,12,13,2024-05-08
155,Smith,445,Division III,3,7,2024-05-08
156,RIT,442,Division I,6,9,2024-05-08
157,Bentley,432,Division III,3,11,2024-05-08
158,Amherst,419,Division III,4,13,2024-05-08
159,Swarthmore,410,Division III,10,12,2024-05-08
160,Mary Washington,386,Division III,3,8,2024-05-08
161,SUNY-Stony Brook,382,Division I,3,7,2024-05-08
162,Minnesota B,336,Developmental,1,8,2024-05-08
163,Vermont C,304,Developmental,6,10,2024-05-08
164,California-Davis B,301,Developmental,4,11,2024-05-08
165,Knox,300,Division III,9,9,2024-05-08
166,UCLA B,299,Developmental,2,8,2024-05-08
167,South Carolina B,291,Developmental,2,9,2024-05-08
168,Bowdoin,264,Division III,3,12,2024-05-08
169,SUNY-Buffalo,258,Division I,3,10,2024-05-08
170,Missouri State,254,Division I,3,12,2024-05-08
171,Syracuse,249,Division I,5,11,2024-05-08
172,Wake Forest,247,Division I,5,12,2024-05-08
173,Kentucky,230,Division I,4,6,2024-05-08
174,SUNY-Geneseo,220,Division III,4,16,2024-05-08
175,Washington University B,218,Developmental,4,14,2024-05-08
176,Michigan B,199,Developmental,8,13,2024-05-08
177,Georgia College,182,Division III,6,9,2024-05-08
178,Oberlin,116,Division III,4,9,2024-05-08
179,Texas-San Antonio,109,Division I,7,10,2024-05-08
180,Elon,99,Division III,1,9,2024-05-08
181,Sam Houston,92,Division I,6,8,2024-05-08
182,Alabama,86,Division I,7,17,2024-05-08
183,Columbia B,79,Developmental,1,9,2024-05-08
184,Notre Dame B,41,Developmental,2,14,2024-05-08
185,Texas B,18,Developmental,5,18,2024-05-08
186,Northeastern B,2,Developmental,2,10,2024-05-08
187,Vanderbilt,2,Division I,7,14,2024-05-08
188,Brown B,0,Developmental,2,7,2024-05-08
189,Auburn,-1,Division I,4,13,2024-05-08
190,Houston,-1,Division I,3,11,2024-05-08
191,Georgetown B,-13,Developmental,3,8,2024-05-08
192,William & Mary B,-23,Developmental,4,7,2024-05-08
193,Miami (Florida),-23,Division I,3,8,2024-05-08
194,Georgia B,-53,Developmental,6,17,2024-05-08
195,Butler,-86,Division III,4,9,2024-05-08
196,LSU,-104,Division I,6,24,2024-05-08
197,North Carolina-Wilmington,-127,Division I,2,10,2024-05-08
198,Georgia Southern,-141,Division I,4,9,2024-05-08
199,Colorado College B,-258,Developmental,1,9,2024-05-08
200,Northwestern B,-275,Developmental,1,15,2024-05-08
201,Virginia B,-279,Developmental,1,14,2024-05-08
202,Alabama-Birmingham,-294,Division I,1,14,2024-05-08
203,SUNY-Albany,-321,Division I,1,11,2024-05-08
204,American B,-329,Developmental,2,9,2024-05-08
205,North Texas,-458,Division I,2,13,2024-05-08
206,Florida B,-526,Developmental,1,16,2024-05-08
207,Cornell B,-588,Developmental,0,9,2024-05-08
208,Emory B,-741,Developmental,0,10,2024-05-08
1,Vermont,2355,Division I,31,2,2024-06-20
2,British Columbia,2249,Division I,28,4,2024-06-20
3,North Carolina,2231,Division I,41,3,2024-06-20
4,Carleton,2192,Division I,26,6,2024-06-20
5,Stanford,2159,Division I,27,7,2024-06-20
6,Colorado,2106,Division I,25,8,2024-06-20
7,Tufts,2052,Division I,29,6,2024-06-20
8,Oregon,2049,Division I,30,7,2024-06-20
9,California-Santa Barbara,1911,Division I,26,11,2024-06-20
10,Michigan,1847,Division I,29,9,2024-06-20
11,Washington,1764,Division I,20,17,2024-06-20
12,California-San Diego,1733,Division I,19,17,2024-06-20
13,Pennsylvania,1724,Division I,24,12,2024-06-20
14,Western Washington,1692,Division I,12,17,2024-06-20
15,Brigham Young,1684,Division I,13,7,2024-06-20
16,Colorado State,1680,Division I,18,10,2024-06-20
17,Victoria,1667,Division I,16,17,2024-06-20
18,Georgia,1662,Division I,19,10,2024-06-20
19,California-Santa Cruz,1638,Division I,15,15,2024-06-20
20,Northeastern,1603,Division I,15,12,2024-06-20
21,Pittsburgh,1571,Division I,19,12,2024-06-20
22,Notre Dame,1565,Division I,23,8,2024-06-20
23,California-Davis,1562,Division I,14,16,2024-06-20
24,Ohio State,1524,Division I,27,10,2024-06-20
25,Portland,1513,Division III,21,4,2024-06-20
26,Wisconsin,1509,Division I,13,13,2024-06-20
27,SUNY-Binghamton,1496,Division I,18,11,2024-06-20
28,Carleton,1490,Division III,24,4,2024-06-20
29,Brown,1476,Division I,20,9,2024-06-20
30,UCLA,1453,Division I,19,19,2024-06-20
31,Utah,1450,Division I,15,21,2024-06-20
32,St Olaf,1448,Division III,24,5,2024-06-20
33,Central Florida,1444,Division I,30,1,2024-06-20
34,California,1442,Division I,13,24,2024-06-20
35,Alabama-Huntsville,1441,Division I,27,4,2024-06-20
36,Cal Poly-SLO,1423,Division I,19,19,2024-06-20
37,William & Mary,1408,Division I,13,8,2024-06-20
38,Washington University,1406,Division I,20,9,2024-06-20
39,American,1359,Division I,18,2,2024-06-20
40,Minnesota,1342,Division I,14,7,2024-06-20
41,South Carolina,1342,Division I,16,10,2024-06-20
42,Whitman,1342,Division III,10,8,2024-06-20
43,Yale,1333,Division I,17,8,2024-06-20
44,Texas-Dallas,1294,Division I,18,6,2024-06-20
45,Ottawa,1261,Division I,7,4,2024-06-20
46,Cornell,1247,Division I,15,8,2024-06-20
47,Southern California,1240,Division I,14,17,2024-06-20
48,Georgetown,1233,Division I,21,7,2024-06-20
49,Macalester,1222,Division III,17,5,2024-06-20
50,Virginia,1214,Division I,15,19,2024-06-20
51,Connecticut,1206,Division I,15,9,2024-06-20
52,Haverford/Bryn Mawr,1201,Division III,25,4,2024-06-20
53,North Carolina State,1186,Division I,13,10,2024-06-20
54,Texas,1178,Division I,17,14,2024-06-20
55,Union (Tennessee),1177,Division III,23,5,2024-06-20
56,Colorado College,1159,Division III,21,10,2024-06-20
57,Georgia Tech,1155,Division I,18,7,2024-06-20
58,Ohio,1150,Division I,10,6,2024-06-20
59,Duke,1148,Division I,18,12,2024-06-20
60,Purdue,1142,Division I,16,9,2024-06-20
61,Middlebury,1130,Division III,19,9,2024-06-20
62,Penn State,1127,Division I,15,15,2024-06-20
63,Vermont B,1113,Developmental,19,5,2024-06-20
64,Columbia,1109,Division I,15,16,2024-06-20
65,James Madison,1103,Division I,11,12,2024-06-20
66,Florida,1096,Division I,16,10,2024-06-20
67,Tennessee,1076,Division I,19,10,2024-06-20
68,Northwestern,1065,Division I,15,12,2024-06-20
69,Wellesley,1056,Division III,19,11,2024-06-20
70,Wesleyan,1056,Division III,19,8,2024-06-20
71,Trinity,1054,Division III,20,6,2024-06-20
72,Lewis & Clark,1047,Division III,11,13,2024-06-20
73,Nevada-Reno,1038,Division I,11,6,2024-06-20
74,Williams,1034,Division III,15,5,2024-06-20
75,Harvard,1023,Division I,12,10,2024-06-20
76,Grand Canyon,1023,Division I,9,5,2024-06-20
77,Rochester,1021,Division III,16,6,2024-06-20
78,Bates,1019,Division III,14,6,2024-06-20
79,Santa Clara,989,Division I,10,9,2024-06-20
80,Missouri,988,Division I,13,7,2024-06-20
81,Kansas,969,Division I,10,8,2024-06-20
82,Cincinnati,967,Division I,14,7,2024-06-20
83,MIT,960,Division I,10,13,2024-06-20
84,Arizona,954,Division I,10,2,2024-06-20
85,Mount Holyoke,954,Division III,15,14,2024-06-20
86,San Diego State,951,Division I,15,11,2024-06-20
87,Davidson,948,Division III,9,2,2024-06-20
88,Virginia Tech,945,Division I,12,15,2024-06-20
89,California-San Diego B,926,Developmental,14,12,2024-06-20
90,Lehigh,911,Division III,21,6,2024-06-20
91,Rhode Island,899,Division I,12,11,2024-06-20
92,California-Irvine,898,Division I,10,11,2024-06-20
93,Tennessee-Chattanooga,880,Division I,15,11,2024-06-20
94,Rice,878,Division III,12,6,2024-06-20
95,Brandeis,876,Division III,12,8,2024-06-20
96,Chicago,874,Division I,10,21,2024-06-20
97,Iowa State,870,Division I,14,15,2024-06-20
98,Maryland,865,Division I,10,12,2024-06-20
99,West Chester,854,Division I,11,15,2024-06-20
100,NYU,848,Division I,11,15,2024-06-20
101,Clemson,839,Division I,8,13,2024-06-20
102,Puget Sound,835,Division III,7,11,2024-06-20
103,Iowa,833,Division I,11,10,2024-06-20
104,Appalachian State,828,Division I,8,13,2024-06-20
105,Michigan Tech,818,Division III,9,6,2024-06-20
106,Carnegie Mellon,813,Division I,4,19,2024-06-20
107,Rutgers,799,Division I,11,13,2024-06-20
108,Montana,776,Division I,7,11,2024-06-20
109,Temple,768,Division I,8,17,2024-06-20
110,Davenport,756,Division III,13,9,2024-06-20
111,Saint Louis,749,Division I,12,12,2024-06-20
112,Florida State,741,Division I,12,12,2024-06-20
113,Boston College,728,Division I,9,12,2024-06-20
114,Massachusetts,721,Division I,8,14,2024-06-20
115,Denver,709,Division I,12,20,2024-06-20
116,Charleston,707,Division I,11,12,2024-06-20
117,Grinnell,690,Division III,7,11,2024-06-20
118,Boston University,686,Division I,5,10,2024-06-20
119,Arkansas,683,Division I,6,6,2024-06-20
120,East Carolina,675,Division I,11,9,2024-06-20
121,Johns Hopkins,674,Division I,12,10,2024-06-20
122,Illinois,659,Division I,18,13,2024-06-20
123,Wisconsin-Eau Claire,635,Division I,12,6,2024-06-20
124,Richmond,627,Division III,12,11,2024-06-20
125,Cedarville,606,Division III,11,7,2024-06-20
126,Ithaca,594,Division III,8,8,2024-06-20
127,Dartmouth,592,Division III,8,12,2024-06-20
128,Liberty,591,Division I,7,20,2024-06-20
129,Truman State,590,Division III,8,11,2024-06-20
130,Oregon State,578,Division I,1,18,2024-06-20
131,New Hampshire,572,Division I,7,13,2024-06-20
132,Grand Valley,558,Division I,4,9,2024-06-20
133,California B,555,Developmental,8,13,2024-06-20
134,Indiana,552,Division I,6,5,2024-06-20
135,Arizona State,541,Division I,3,10,2024-06-20
136,Claremont,540,Division III,4,11,2024-06-20
137,Occidental,539,Division III,7,10,2024-06-20
138,Skidmore,535,Division III,11,12,2024-06-20
139,North Carolina B,525,Developmental,8,10,2024-06-20
140,John Brown,513,Division III,5,10,2024-06-20
141,Delaware,483,Division I,5,6,2024-06-20
142,Texas State,476,Division I,8,14,2024-06-20
143,Loyola-Chicago,476,Division I,3,8,2024-06-20
144,Texas A&M,475,Division I,11,12,2024-06-20
145,Cal Poly-SLO B,461,Developmental,3,9,2024-06-20
146,Tulane,459,Division I,10,14,2024-06-20
147,Smith,457,Division III,3,7,2024-06-20
148,Case Western Reserve,457,Division I,2,16,2024-06-20
149,George Washington,448,Division I,11,9,2024-06-20
150,Kenyon,444,Division III,7,7,2024-06-20
151,Bentley,443,Division III,3,11,2024-06-20
152,RIT,433,Division I,6,9,2024-06-20
153,Amherst,426,Division III,4,13,2024-06-20
154,Montana State,415,Division I,1,10,2024-06-20
155,Emory,410,Division I,9,15,2024-06-20
156,Catholic,398,Division III,8,10,2024-06-20
157,SUNY-Stony Brook,382,Division I,3,7,2024-06-20
158,Cal State-Long Beach,371,Division I,1,9,2024-06-20
159,Jacksonville State,366,Division I,12,13,2024-06-20
160,Swarthmore,340,Division III,10,12,2024-06-20
161,Vermont C,286,Developmental,6,10,2024-06-20
162,Mary Washington,273,Division III,3,8,2024-06-20
163,Minnesota B,266,Developmental,1,8,2024-06-20
164,Bowdoin,262,Division III,3,12,2024-06-20
165,SUNY-Buffalo,249,Division I,3,10,2024-06-20
166,Syracuse,228,Division I,5,11,2024-06-20
167,Knox,224,Division III,9,9,2024-06-20
168,South Carolina B,195,Developmental,2,9,2024-06-20
169,SUNY-Geneseo,192,Division III,4,16,2024-06-20
170,California-Davis B,185,Developmental,4,11,2024-06-20
171,UCLA B,184,Developmental,2,8,2024-06-20
172,Missouri State,175,Division I,3,12,2024-06-20
173,Wake Forest,158,Division I,5,12,2024-06-20
174,Kentucky,142,Division I,4,6,2024-06-20
175,Washington University B,139,Developmental,4,14,2024-06-20
176,Columbia B,129,Developmental,1,9,2024-06-20
177,Michigan B,121,Developmental,8,13,2024-06-20
178,Georgia College,100,Division III,6,9,2024-06-20
179,Oberlin,43,Division III,4,9,2024-06-20
180,Texas-San Antonio,27,Division I,7,10,2024-06-20
181,Sam Houston,12,Division I,6,8,2024-06-20
182,Alabama,2,Division I,7,17,2024-06-20
183,Elon,-11,Division III,1,9,2024-06-20
184,Northeastern B,-15,Developmental,2,10,2024-06-20
185,Notre Dame B,-37,Developmental,2,14,2024-06-20
186,Brown B,-41,Developmental,2,7,2024-06-20
187,Texas B,-62,Developmental,5,18,2024-06-20
188,Georgetown B,-77,Developmental,3,8,2024-06-20
189,Houston,-81,Division I,3,11,2024-06-20
190,Vanderbilt,-82,Division I,7,14,2024-06-20
191,Auburn,-85,Division I,4,13,2024-06-20
192,William & Mary B,-94,Developmental,4,7,2024-06-20
193,Miami (Florida),-107,Division I,3,8,2024-06-20
194,Georgia B,-138,Developmental,6,17,2024-06-20
195,Butler,-158,Division III,4,9,2024-06-20
196,LSU,-188,Division I,6,24,2024-06-20
197,North Carolina-Wilmington,-213,Division I,2,10,2024-06-20
198,Georgia Southern,-226,Division I,4,9,2024-06-20
199,SUNY-Albany,-333,Division I,1,11,2024-06-20
200,Northwestern B,-354,Developmental,1,15,2024-06-20
201,Virginia B,-358,Developmental,1,14,2024-06-20
202,Colorado College B,-359,Developmental,1,9,2024-06-20
203,Alabama-Birmingham,-378,Division I,1,14,2024-06-20
204,American B,-399,Developmental,2,9,2024-06-20
205,North Texas,-539,Division I,2,13,2024-06-20
206,Cornell B,-600,Developmental,0,9,2024-06-20
207,Florida B,-610,Developmental,1,16,2024-06-20
208,Emory B,-826,Developmental,0,10,2024-06-20